County / unitary (as of April 2021),CTYUA20CD,1991,1992,1993,1994,1995,1996,1997,1998,1999,2000,2001,2002,2003,2004,2005,2006,2007,2008,2009,2010,2011,2012,2013,2014,2015,2016,2017,2018,2019
Darlington,E06000005,99342,99347,99224,99423,99189,99588,99171,99273,98172,98088,97894,98474,98911,99343,100287,101509,102632,103694,104355,105028,105584,105503,105726,105877,105998,106327,106347,106566,106803
County Durham,E06000047,501488,501608,501270,500924,499927,498930,498533,496945,496096,495138,493678,493538,493931,495147,497218,499348,502960,505617,507311,510628,512994,514261,515923,517573,519347,521776,523662,526980,530094
Hartlepool,E06000001,91058,91225,91081,91027,90673,90397,89921,89753,89680,89811,90152,89993,90134,90317,90457,90781,90969,91379,91530,91773,92088,92261,92662,92606,92498,92845,93019,93242,93663
Middlesbrough,E06000002,144747,144130,144467,145618,146391,145767,144497,144031,143023,142251,141233,140090,139050,138451,138517,138169,138190,137885,137273,137667,138368,138726,138911,138991,139310,140326,140639,140545,140980
Northumberland,E06000057,305521,306086,306129,306545,305931,305804,306756,307241,307490,307348,307363,308499,309448,310140,310752,311375,312960,314057,314489,315463,316278,316489,316389,316832,316453,317444,319030,320274,322434
Redcar and Cleveland,E06000003,145880,145721,144256,143469,142395,141156,140666,140380,139542,139193,139159,138520,138565,138643,138177,137621,136940,136512,135867,135383,135164,134976,134960,135102,135324,135496,136005,136718,137150
Stockton-on-Tees,E06000004,175154,176149,177180,177263,176993,177714,178019,179350,180844,182517,183795,184940,185699,185687,186350,187270,187937,189039,189978,190902,191824,192487,193433,194423,195128,195958,196487,197213,197348
Gateshead,E08000037,201682,201290,200673,199629,198473,197183,195935,194344,193276,191912,191178,191559,192115,192317,192857,193615,194934,196078,197481,198731,200349,200272,200098,200781,201724,202628,202419,202508,202055
Newcastle upon Tyne,E08000021,275009,278727,282735,281158,281289,280903,278164,274455,270975,267623,266241,267001,266862,266884,269608,270258,271577,271649,273422,276681,279092,281893,285821,288340,290764,293713,295842,300196,302820
North Tyneside,E08000022,194550,194015,193405,192246,191775,191154,190548,191000,190062,190708,192003,192739,193037,193195,194120,195365,196470,197964,199017,200164,201206,201444,202167,202857,202725,203575,204473,205985,207913
South Tyneside,E08000023,156659,156710,156646,156064,155788,155586,155052,154402,153627,153112,152793,152210,151181,150265,149585,148887,148642,148626,148509,148468,148164,148311,148384,148572,148495,149194,149555,150265,150976
Sunderland,E08000024,295896,296325,296882,295295,293891,292268,290804,289709,287527,285720,284601,283037,281528,280113,279199,278370,277834,276812,276209,275980,275330,275764,276089,276782,276813,277307,277249,277417,277705
Blackburn with Darwen,E06000008,137402,137775,138912,139515,139558,138778,138748,139568,138233,138196,138453,139538,140429,141418,142145,143110,143942,144902,146197,146966,147657,147854,147763,147416,147856,148462,148772,148942,149696
Blackpool,E06000009,148617,150221,151099,150721,149594,147579,145514,144120,142995,143035,142270,142164,142658,143143,143688,143733,143644,142921,142578,142753,142080,142037,141603,140898,140162,139983,139870,139305,139446
Cheshire East,E06000049,340546,342260,344113,346153,348698,349911,350985,352066,350932,351234,352104,353348,355529,357354,359807,362049,365003,367160,368023,369051,370736,372383,373006,374606,375722,377303,378846,380790,384152
Cheshire West and Chester,E06000050,312715,314424,316997,317808,317440,317566,318968,320132,319598,321113,322154,322657,324378,325496,327169,328358,329364,329353,329116,329553,329526,330224,331069,332272,333949,335724,337986,340502,343071
Halton,E06000006,124801,124201,123766,122788,122151,121778,120895,120212,119552,119126,118559,118788,119178,119960,120396,121275,122040,122907,123636,124802,125722,125781,126074,126501,126719,127306,127595,128432,129410
Warrington,E06000007,184713,183393,184749,186091,187274,188271,188903,189569,190320,190629,191202,191615,191987,191837,192992,194603,196559,198187,200057,201309,202709,203795,205165,206681,207781,208973,209704,209547,210014
Cumbria,E10000006,486263,487245,487165,487002,486791,486746,488170,489033,488145,487602,487795,488681,491329,494918,497040,498813,500779,500916,500786,500165,499817,499205,498499,498376,498581,498793,498375,498888,500012
Bolton,E08000001,261349,261586,261885,261493,260872,260056,259709,260882,260396,260183,261302,262367,263814,264511,265016,266816,268319,270497,273049,275168,277296,279084,280271,280788,281828,283536,284813,285372,287550
Bury,E08000002,178330,179575,180156,180395,179906,179693,179656,180551,181020,180875,180655,181084,181405,180999,181028,181809,182713,183000,183885,184755,185422,186150,186468,187287,187788,188503,189628,190108,190990
Manchester,E08000003,432676,427546,426887,425314,425699,422584,417698,417726,416438,421799,422915,428221,436727,444925,455745,463749,470538,477408,483784,492598,502902,510501,513665,518834,529809,541319,545501,547627,552858
Oldham,E08000004,218482,219227,219519,219416,219046,219191,218942,218672,218420,218114,218537,218455,218490,218988,219288,220033,220723,221907,222811,223807,225157,225734,226966,228182,230197,232349,233759,235623,237110
Rochdale,E08000005,203928,204575,205234,205256,205222,204691,204038,204499,204865,206088,206440,206697,207528,207286,207200,207845,208393,209666,210248,210758,211929,211947,212137,212976,214314,216350,218459,220001,222412
Salford,E08000006,230821,229874,228988,227620,227204,225590,223906,221640,220018,218689,216978,216310,217312,217921,219536,221931,223468,226782,228948,231837,234487,236946,238674,241539,245186,248121,251332,254408,258834
Stockport,E08000007,288577,288586,288383,287756,286406,286371,286343,287185,285824,284420,284557,283502,282932,282368,281195,280498,280953,281477,282263,282614,283253,283766,284890,286388,288169,289821,291045,291775,293423
Tameside,E08000008,218020,218661,218670,218241,217379,215970,216081,214873,213567,212899,213087,213211,213470,213667,213474,214187,214750,216360,217417,218774,219727,220201,220545,220696,221507,223109,224119,225197,226493
Trafford,E08000009,215799,215348,215401,215171,214733,214590,213492,214159,212951,211287,210172,211062,213031,214129,215430,217369,219359,220939,223065,225234,227091,228308,230146,232319,232975,234210,235493,236370,237354
Wigan,E08000010,305582,306201,305892,304994,303717,302619,302058,301728,301989,301985,301453,302305,303846,304958,306143,308023,309403,311971,314363,316296,318122,318740,319810,321114,322244,323526,324650,326088,328662
Lancashire,E10000017,1116402,1117346,1121679,1123677,1125542,1125818,1127410,1129000,1129630,1132910,1136542,1138374,1144581,1149463,1154308,1159140,1161832,1163352,1164141,1167579,1171558,1175370,1178594,1182605,1188875,1195418,1201855,1210053,1219799
Knowsley,E08000011,155135,153882,153752,152719,152737,152714,152655,153168,151837,151392,151238,150506,149795,149216,148900,148788,148188,147822,147070,146398,145903,145942,146091,146429,147262,148001,148560,149571,150862
Liverpool,E08000012,475614,473573,471283,468092,464670,461387,456432,453238,448417,446050,441858,443784,444960,448091,452278,453055,453582,454468,457523,461403,465656,470191,471789,474569,480873,487605,491549,494814,498042
Sefton,E08000014,292935,292815,292199,290466,288953,287491,286457,285159,284162,283337,282884,280866,279913,278853,276957,275852,275085,274735,274153,273820,273969,273798,273372,273856,274089,274853,274589,275396,276410
St. Helens,E08000013,180063,180028,179209,179317,178071,177504,176936,176364,176795,176757,176826,176295,175997,175738,175361,175199,174970,175106,175272,175203,175405,176124,176221,177191,177592,178480,179331,180049,180585
Wirral,E08000015,334269,332687,330802,328899,326277,322748,320382,318629,317011,316503,315004,315050,315371,315130,314925,315350,315670,316711,317771,319078,319837,320389,320670,321503,321700,322216,322796,323235,324011
East Riding of Yorkshire,E06000011,294403,295948,299270,302348,304388,304134,305491,306845,309144,311511,314854,318633,321869,325117,327268,328587,330865,332464,332748,333599,334673,335901,336072,337242,336756,337804,338061,339614,341173
"Kingston upon Hull, City of",E06000010,263331,265380,264961,266432,266188,264715,261905,259764,255872,252286,249913,249463,250604,253049,255159,255497,255761,256746,256079,256174,256123,257012,257188,257414,258587,260035,260673,260645,259778
North East Lincolnshire,E06000012,161039,161211,161825,161378,160401,159172,158560,157825,157988,157633,157951,158003,158373,158542,158725,158610,158589,158708,158689,158951,159735,159788,159963,160019,159971,159828,159826,159821,159563
North Lincolnshire,E06000013,152907,152910,152185,152853,151844,152211,152242,152230,151962,152470,152964,154240,156196,158211,159679,161163,162801,164519,165572,166539,167516,168351,168716,169213,169843,170807,171294,172005,172292
York,E06000014,172272,171657,171681,172673,172859,174470,174953,176277,177145,179107,181291,182088,183960,186643,188214,188977,189770,190768,192398,195070,197783,199567,202113,203654,205784,206920,208163,209893,210618
North Yorkshire,E10000023,541800,546103,544706,547753,551984,553703,555468,558107,562012,565610,570094,573186,576130,579959,584001,587299,591247,594979,596396,599028,601206,603508,604724,604730,606017,609538,611633,614505,618054
Barnsley,E08000016,223221,222441,222025,221774,220923,220351,219655,219408,218692,217765,218124,218851,220165,221227,222618,224419,225989,227754,228973,230066,231865,233762,235811,237971,239855,241847,243341,245199,246866
Doncaster,E08000017,291657,291724,290804,290486,290639,289260,288876,287571,286949,286989,286900,288647,290111,290850,292174,293990,296215,298388,300184,301299,302468,302920,303693,304398,305496,307374,308940,310542,311890
Rotherham,E08000018,253674,253348,253446,252946,251891,250888,250127,249029,247949,247010,248349,249610,250886,251722,252675,253638,254180,255271,256313,256893,257716,258424,258817,260256,260929,262142,263375,264671,265411
Sheffield,E08000019,520098,520774,520766,518632,516742,518133,517540,517596,516334,514573,513102,514201,515339,519640,525721,527629,529905,534035,538385,544613,551756,557276,560199,563463,569177,574050,577789,582506,584853
Bradford,E08000032,468808,469499,470360,471338,471163,470804,469199,468001,466933,467124,470753,475184,479166,484650,491361,495658,501357,507323,512392,518002,523115,524386,525936,527567,529879,532539,534800,537173,539776
Calderdale,E08000033,192871,192728,192443,192293,191761,191256,191126,191137,191238,191928,192379,193201,193968,194980,196270,197761,199275,200960,202078,203049,204170,205200,206136,207042,207832,209069,209454,210082,211455
Kirklees,E08000034,378967,380115,382064,382683,383208,383815,383942,384675,385290,386892,388980,392118,394486,397530,400724,404266,407974,411807,414785,418339,422970,425346,427831,429998,432855,435236,437145,438727,439787
Leeds,E08000035,706724,710427,713291,712903,713694,715774,716309,715925,714879,713366,715609,716380,717592,723042,735054,736204,738560,741665,743885,747571,750683,757566,760894,765430,773213,781087,784846,789194,793139
Wakefield,E08000036,314328,314768,314315,313595,312890,312568,312168,313313,313938,314345,315380,316306,317469,318037,318765,320318,321650,323288,324467,325595,326433,327890,329847,331720,334017,337094,340790,345038,348312
Derby,E06000015,222881,224129,225217,226548,227650,229225,230477,230893,231252,230794,230726,231979,232827,234501,236470,238110,239917,241865,243980,247035,248943,250582,251312,252313,253875,256203,257034,257174,257302
Leicester,E06000016,281467,281949,285620,289504,291741,291039,289611,290009,285940,283787,282757,285295,288648,294127,301543,306548,311303,315473,319708,324912,329627,332067,334631,338491,344036,349513,353540,355218,354224
Nottingham,E06000018,279428,279783,278692,277215,277613,276704,278594,277365,273537,270739,268939,271769,275547,279624,284834,286459,288164,290783,294808,299753,303899,308463,310657,314385,318936,324779,329209,331069,332900
Rutland,E06000017,33021,32761,32369,32209,32796,33132,32866,32553,33537,34141,34598,35295,35559,35623,36115,36510,37110,37478,37417,37670,37581,37096,37791,38263,38352,38949,39474,39697,39927
Derbyshire,E10000007,713531,715652,716987,717403,718945,720526,721649,725199,728112,731897,734888,738409,742242,745470,749009,752649,756594,761238,764317,767948,770688,773726,776639,780382,783082,786734,791966,796142,802694
Leicestershire,E10000018,573336,580370,584275,586119,588763,593137,595224,593967,601565,605635,610279,614065,617968,622134,624852,629556,634555,639236,642255,646292,651179,656182,660917,666682,673410,680466,690212,698268,706155
Lincolnshire,E10000019,588583,595428,600784,605513,612472,617230,621156,625994,632709,640163,647640,655580,663197,672415,677324,685414,693739,700780,705599,711805,714768,719184,724523,731886,737350,744811,751171,755833,761224
Nottinghamshire,E10000024,735066,738471,741632,743883,743575,743514,741099,741246,745065,745418,748809,752581,756426,760966,764515,767827,771330,776071,780105,783645,786796,790167,796423,801616,806217,811483,817851,823126,828224
Northamptonshire,E10000021,584098,588148,590317,593326,598108,603563,609644,615419,620726,625502,630986,636780,642666,646616,654450,663603,672062,678201,683464,688011,693967,700331,705655,713351,722167,732452,741209,747622,753278
"Herefordshire, County of",E06000019,160430,162055,163517,165165,165941,166557,168466,171014,171997,173612,174885,175258,175648,176033,176587,178103,179930,181791,182367,182865,183619,185197,186389,187737,188522,189532,191041,192107,192801
Shropshire,E06000051,268716,269333,269841,272689,274515,276031,274693,277374,279294,281479,283254,284901,286913,288810,291523,294531,297633,300473,302069,304523,307108,308416,309085,310774,312227,314392,317459,320274,323136
Stoke-on-Trent,E06000021,249409,248882,248510,249472,249265,248976,247360,245298,244130,241989,240422,239955,240031,241078,241481,243069,243697,245509,245869,247381,248719,249792,250194,250956,251746,253659,255378,255833,256375
Telford and Wrekin,E06000020,141294,142245,143247,144437,146143,146253,149670,152900,153730,155846,158573,159401,159848,160603,161535,162710,163368,164089,164889,165641,166831,167811,168642,169768,171677,173727,175768,177799,179854
Staffordshire,E10000028,791588,793546,795054,795412,796896,795688,801134,803728,803660,804497,807152,810199,815228,818563,822713,827321,833122,838142,841270,845272,849546,852039,856837,859870,862166,866430,870825,875219,879560
Warwickshire,E10000031,487116,489272,490409,492338,493824,494719,496786,499075,499565,501190,506193,510691,515056,518637,523653,529059,534381,539384,542131,544166,546554,548320,549517,552450,555154,558991,564562,571010,577933
Birmingham,E08000025,1004502,1004259,1005419,1000140,999108,1001087,993650,991380,989712,985119,984642,990384,996356,1002376,1014650,1020843,1029021,1038980,1050072,1061074,1074283,1085198,1092190,1101521,1112950,1128077,1137123,1141374,1141816
Coventry,E08000026,303871,302938,302585,301695,303096,306426,304736,305005,304840,303066,302804,301295,300665,298174,298386,300129,301429,305186,307393,311674,316915,322504,328423,335018,344288,353215,360149,366785,371521
Dudley,E08000027,307669,308609,308431,308164,307630,306579,305220,304812,304878,304664,305052,305645,305585,306171,307004,307846,308686,310377,311088,312206,313261,313570,314357,315653,316331,317558,319419,320626,321596
Sandwell,E08000028,292586,291691,291614,291010,290700,288927,287666,287133,286085,285102,284594,285637,287135,288849,290447,292516,294603,298358,302303,306181,309042,311245,313980,316289,319101,322631,325460,327378,328450
Solihull,E08000029,200432,199529,198515,199367,199688,200093,200708,200736,200190,199013,199574,200028,200536,201153,201557,202351,203170,204778,205470,206329,206856,207450,209140,210227,210834,212166,213933,214909,216374
Walsall,E08000030,261267,260688,261378,260245,258462,257712,256631,255540,255808,254899,253333,254287,255352,256702,258172,259454,260939,263034,264774,266834,269524,270844,271955,273933,275880,278887,281293,283378,285478
Wolverhampton,E08000031,248466,247902,247285,245186,244900,245162,242856,242015,240691,239537,238016,239088,239851,240567,241647,242889,243910,245349,246016,247640,249852,251076,251708,253250,255106,258017,259926,262008,263357
Worcestershire,E10000034,512353,516426,520125,523975,526743,528836,532702,535342,537379,539613,542233,544474,547271,548660,551332,554700,558035,560790,562296,564080,566557,569301,572613,575993,579050,583491,588370,592057,595786
Bedford,E06000055,135443,136858,136991,137006,137231,138023,139990,141556,143765,146146,148113,149589,150684,151308,151747,152346,153107,154164,154808,156535,157840,159369,161553,163999,166376,168814,169912,171623,173292
Central Bedfordshire,E06000056,220504,221311,221196,222301,223742,225607,226525,227371,230636,232004,234006,236297,238547,240444,242062,244351,246803,249035,250329,252460,255644,259591,263793,267846,272421,276731,280030,283606,288648
Luton,E06000032,173655,175851,178636,180820,181387,181577,182158,184264,184990,185491,185889,185631,185016,183563,185392,187312,189742,192084,195449,199583,203641,205498,207404,210173,213581,215914,214658,214109,213052
Peterborough,E06000031,154181,155438,155664,158024,158741,158128,156407,155877,156520,156616,157439,158794,160778,163485,167220,169887,172443,176027,178963,181762,184457,186596,188371,190493,193657,196735,198914,201041,202259
Southend-on-Sea,E06000033,161204,162428,163487,164386,163928,163340,165092,163820,162915,161585,160362,161159,161437,161488,162645,163776,165429,168150,170013,172122,174274,175091,176236,178367,179234,180606,181808,182463,183125
Thurrock,E06000034,128672,130902,131647,132480,133351,134678,135329,138698,139469,141513,143297,144728,145977,147056,148556,150206,151741,153633,155003,156585,158268,159837,161305,163822,166040,168428,170394,172525,174341
Cambridgeshire,E10000003,510586,516185,519017,518694,522685,530401,538927,544946,547582,551368,554704,558916,568743,574445,583651,588890,594338,600808,606238,614899,622312,625908,628918,635186,641524,644575,648237,651482,653537
Essex,E10000012,1249099,1253611,1255495,1261587,1267652,1273322,1278254,1284198,1295043,1304417,1312599,1319145,1326079,1334632,1345170,1354301,1362888,1373172,1379503,1388913,1396599,1407084,1417596,1433282,1445323,1457910,1468177,1477764,1489189
Hertfordshire,E10000015,984323,988863,991088,995417,999787,1002650,1009700,1016401,1024006,1029817,1035523,1040387,1045337,1047366,1055483,1063202,1072954,1085434,1096599,1107641,1119824,1129291,1140618,1154195,1165332,1176386,1180934,1184365,1189519
Norfolk,E10000020,754319,757659,759523,762389,765596,769295,774473,780863,786454,793509,798618,803463,810127,815690,822890,829062,834945,841495,846355,852926,859426,864847,870296,877388,884748,891731,898390,903680,907760
Suffolk,E10000029,649066,643483,641625,644811,651600,655739,660060,664034,667342,672506,669913,674579,681408,689087,697837,702961,709144,714348,718183,723976,730133,732802,735844,742499,747734,751175,756978,758556,761350
Camden,E09000007,180708,179118,179270,180027,182454,186251,186183,183911,190003,196174,202567,203972,204254,207341,211088,211032,211520,210273,212924,214725,220087,224809,230486,236022,243837,249162,253361,262226,270029
City of London,E09000001,5361,5167,5309,5425,5489,5551,5670,5720,6581,7014,7359,7280,7115,7118,7131,7254,7607,7429,7472,7338,7412,6612,6031,6139,6687,7246,7654,8706,9721
Hackney,E09000012,184956,186816,188193,190266,192858,193068,191448,194706,199087,203381,207246,210961,212405,213581,216512,220193,224480,231041,236622,241739,247182,252212,257436,263112,268626,273239,275929,279665,281120
Hammersmith and Fulham,E09000013,153794,153282,152504,153762,153482,154951,155105,155458,160634,164393,169374,171989,171510,172083,173292,174675,176472,177088,180116,180842,182445,182117,181421,181679,182183,181783,182998,185426,185143
Haringey,E09000014,207034,205769,206461,207447,208881,211578,215081,216582,218559,219845,221251,224474,225027,226472,229271,233174,236793,244459,249805,252742,255540,257898,261033,264398,268251,272078,271224,270624,268647
Islington,E09000019,171754,172658,172914,173368,173016,174651,175665,177949,175717,177852,179387,180118,180899,180831,183477,185283,188636,192089,196704,200129,206285,211273,215855,221405,227507,232055,235000,239142,242467
Kensington and Chelsea,E09000020,143626,142237,141532,139997,140603,141099,142096,143140,147678,154661,162199,163827,165268,165752,168375,165245,162883,162579,161893,160463,158251,156912,157141,157830,158589,156773,155741,156197,156129
Lambeth,E09000022,254990,255614,254615,256622,257197,259743,259854,263843,266817,270028,273372,273041,272195,274262,277620,280524,284964,289126,294050,297650,304481,309366,312700,316637,320736,323063,324048,325917,326034
Lewisham,E09000023,240233,239738,240409,241983,240428,243090,243946,247223,250310,252106,254336,253662,251936,252455,254930,257976,261188,266508,270418,272525,276938,280705,284956,290284,294999,298903,301307,303536,305842
Newham,E09000025,216251,219204,222283,224919,227993,229900,231032,235001,240517,245463,249411,255282,256224,254434,253798,257994,266285,276478,286447,299171,310460,316295,321465,328066,336254,344533,347996,352005,353134
Southwark,E09000028,227246,228414,231361,231606,236885,236620,238968,242150,247853,252726,256712,256269,255242,257257,261811,267553,272626,276973,281120,283777,288717,293440,298663,302818,308434,311655,314232,317256,318830
Tower Hamlets,E09000030,166326,167265,169046,171533,175209,180292,184845,187909,193507,197133,201090,207031,208651,211154,213382,218400,225251,231893,240495,248520,256012,263624,273616,284596,293828,300943,307964,317705,324745
Wandsworth,E09000032,261976,261817,260918,261324,259903,261066,260633,260965,264220,267695,271742,274917,276828,278615,283229,287538,291440,294305,299347,302620,307710,309497,313091,316536,319477,321497,323257,326474,329677
Westminster,E09000033,185032,180974,176879,174076,174220,178498,181841,184652,189233,196478,203329,208100,211009,214557,223132,222829,220619,218673,216980,217187,219582,223737,225306,229899,238047,241974,244796,255324,261317
Barking and Dagenham,E09000002,155487,156175,156191,156757,157396,157264,158302,160976,162444,163893,165654,166357,166210,165610,166275,167157,169031,172452,177580,182838,187029,190663,194576,198650,203101,208182,210711,211998,212906
Barnet,E09000003,297676,296900,296553,297330,298968,302952,304634,308345,313469,315784,319481,320552,321802,323723,327541,330801,334837,339212,345829,351438,357538,363777,368301,373745,378778,384774,387803,392140,395869
Bexley,E09000004,218075,218089,218315,218591,218543,217689,215722,216318,217458,218717,218757,219123,220016,220917,222391,223280,224625,226652,228146,230711,232774,234308,236816,240016,242387,245095,246124,247258,248287
Brent,E09000005,240813,240284,241689,245704,248359,251967,255298,259908,260317,264945,269620,269871,268323,268335,270939,276504,283273,290901,298118,304785,312245,314593,317112,320101,323443,326427,329102,330795,329771
Bromley,E09000006,293491,291936,289908,289977,290022,291728,293106,291697,294902,295317,296218,296668,297253,297307,299421,300963,302625,304968,306924,308560,310554,314039,318167,321602,325303,327580,329391,331096,332336
Croydon,E09000008,315868,317156,319216,322775,326822,329414,330923,333046,332066,334241,335112,335415,335919,337134,339052,340449,344029,349308,352763,357951,364815,369189,373628,377073,380070,383301,384837,385346,386710
Ealing,E09000009,283782,284936,285801,286383,288486,292811,293995,296274,302252,304370,307276,309242,308108,310073,312774,315329,318671,324022,329966,334073,339314,340332,342108,342997,344285,344802,342736,341982,341806
Enfield,E09000010,260133,260632,260769,260027,262787,265033,268379,268886,272731,275068,277266,280745,281835,282217,284779,287429,291534,297443,301971,307648,313935,317257,320317,324409,328738,332127,332705,333869,333794
Greenwich,E09000011,210865,211922,211340,210197,209254,209839,211249,212322,212168,214438,217460,221476,224303,227190,230494,233990,236535,239748,243672,249171,255483,259986,264097,268853,274542,279139,282849,286186,287942
Harrow,E09000015,203013,203710,206284,207373,206968,207186,206933,206662,207909,209114,210044,212336,213728,216267,221109,223632,226355,229567,233495,237451,240499,241978,243004,245149,246818,248697,248880,250149,251160
Havering,E09000016,230923,229111,229385,228696,227567,227115,226039,223641,225712,225141,224717,225054,225248,225769,226990,228198,229789,231793,234127,236234,237927,239742,242142,246030,249375,253371,256039,257810,259552
Hillingdon,E09000017,234384,234457,235675,238708,240146,241958,242901,243587,245053,245911,245616,247063,248054,248691,251430,254387,256981,261051,265665,269465,275499,281179,285996,291368,296056,299899,302343,304824,306870
Hounslow,E09000018,203917,201987,201992,201756,203691,206034,210146,212445,214298,214731,215976,216888,216498,219440,223776,228126,233454,237907,243366,249236,254927,258518,261275,264030,266412,268270,269100,270782,271523
Kingston upon Thames,E09000021,136062,136139,136095,136420,137785,139225,141330,143765,146003,147328,149045,149642,149683,151055,152489,153667,154485,156027,157307,158648,160436,163200,165657,168433,171609,173703,174609,175470,177507
Merton,E09000024,170924,171672,173711,175754,177695,180623,181675,182355,185062,188196,191106,190561,189298,188908,190583,192520,194260,195859,198136,199136,200543,202047,203637,204598,205965,206706,206052,206186,206548
Redbridge,E09000026,221999,223487,224747,226684,228714,232804,234974,235997,238138,239868,241893,244273,247412,248774,251560,255590,259965,265452,270435,275088,281395,284625,288850,293853,297928,301328,301785,303858,305222
Richmond upon Thames,E09000027,166629,165137,164561,165028,166648,168659,170044,169945,172782,172920,174311,175441,177182,179312,181508,182520,182421,182927,184394,186304,187527,188971,191138,193315,194124,195187,195680,196904,198019
Sutton,E09000029,170093,171023,172600,172918,174230,175731,177026,177868,179375,180485,181461,181265,181267,181094,182103,182882,184174,185860,188167,189321,191123,193476,195787,197954,199870,201945,203243,204525,206349
Waltham Forest,E09000031,215893,216582,217965,220094,220424,220017,219795,222251,221057,221296,222015,223776,224115,225002,226747,230731,235665,242098,248140,254009,259742,262456,265650,267801,270671,274222,275505,276700,276983
Bracknell Forest,E06000036,98063,99450,100936,103532,106369,108610,108970,108951,109819,109680,109650,109490,109475,109189,109487,109896,110702,111455,111916,112893,113696,115089,116543,117997,119205,119730,120377,121676,122549
Brighton and Hove,E06000043,240534,240903,240640,240829,241900,242499,244745,246816,248008,248791,249949,249743,249846,249847,252863,255564,258161,262019,265584,269495,272952,275724,277991,280650,284073,287173,288155,290395,290885
Isle of Wight,E06000046,125894,125620,125228,125438,126168,126696,127306,128575,129997,131431,132925,133908,134783,135891,137179,137727,138289,138675,138361,138364,138392,138826,138555,139332,139763,140264,140984,141538,141771
Medway,E06000035,242528,243686,242616,242586,241417,241287,242314,245341,246383,248474,249704,250262,251159,251459,252098,253478,255824,258224,260230,262738,264885,268130,270689,273212,275176,276957,277616,277855,278556
Milton Keynes,E06000042,178272,180394,183924,187937,192359,196649,199662,202861,206664,209803,212707,215061,217597,219521,223462,227225,231033,235625,240178,245450,249895,252773,256376,260225,263181,266240,267521,268607,269457
Portsmouth,E06000044,186754,187613,187391,187901,188923,189498,189427,189119,187768,187820,188043,188476,190283,193483,196318,195964,194907,196036,198983,202700,205433,206517,206670,208037,210538,213335,214718,215133,214905
Reading,E06000038,134827,135342,135479,135794,138421,139491,142185,144129,143512,143912,144684,143915,144070,144590,146940,148321,149678,151460,152326,154296,155339,156795,158621,160268,161701,162701,163075,163203,161780
Slough,E06000039,105377,106920,108779,110986,112921,114882,116499,117980,118497,119694,120577,120927,120869,120833,122874,125200,127991,131453,134742,137800,140713,141820,142672,144340,146038,147736,148768,149112,149539
Southampton,E06000045,204752,205428,206489,209126,211178,212924,213689,215530,216057,217273,219539,220459,221989,223589,226655,226698,227223,228447,230017,233085,235870,238519,239858,242106,246054,250377,252359,252796,252520
West Berkshire,E06000037,138764,139316,140444,141024,142052,143113,143609,143671,144129,144201,144494,143913,144297,145147,146492,148107,150056,152024,153039,153943,154148,154704,156031,156633,157460,158576,158473,158527,158450
Windsor and Maidenhead,E06000040,133695,133884,134043,134148,135474,135917,135036,132960,132917,133654,133541,133631,134201,135066,136446,138012,139743,141345,142424,143988,145098,145742,146278,147476,148277,149689,150140,150906,151422
Wokingham,E06000041,141144,142196,143189,142653,143470,144384,146518,148091,147912,149527,150334,149445,148794,149008,149598,150548,152144,153191,154165,154650,154943,156658,158065,159414,161200,163087,164980,167979,171119
Buckinghamshire,E06000060,455714,459993,461915,464078,467904,468779,471148,472078,475883,477186,479131,478768,480164,482126,485526,489348,493501,496371,498813,502820,506550,510983,515533,520900,527114,533056,535918,540059,543973
East Sussex,E10000011,468955,472317,473433,476220,477992,480030,482111,484999,489381,491676,493130,496927,501148,505007,508519,511525,515891,519197,520370,523651,527209,531088,534904,540503,545021,549557,552259,554590,557229
Hampshire,E10000014,1178711,1183765,1188187,1196481,1203112,1210391,1217815,1223022,1232819,1236408,1241431,1245073,1250515,1255419,1263075,1272498,1283441,1293565,1301706,1312347,1322118,1331394,1340180,1349627,1356994,1365103,1370728,1376316,1382542
Kent,E10000016,1285798,1285235,1285806,1290099,1293738,1297663,1303105,1306723,1316720,1324679,1331194,1338968,1349046,1361384,1375217,1389634,1407791,1423308,1435269,1451905,1466466,1480151,1493114,1509301,1523100,1540438,1554636,1568623,1581555
Oxfordshire,E10000025,576104,580384,577090,579849,585813,588454,593589,596991,603800,607115,607277,609491,616031,620412,627568,630873,635094,638784,643095,648688,654791,660009,663998,669377,673590,678484,682444,687524,691667
Surrey,E10000030,1023314,1024331,1025550,1027435,1030224,1030928,1038846,1040161,1055732,1057016,1060163,1059472,1062774,1065142,1071781,1082841,1095639,1104242,1113665,1125804,1135367,1144046,1154136,1164095,1172382,1180956,1185321,1189934,1196236
West Sussex,E10000032,709986,709817,712033,715478,723543,728211,736528,740840,749126,752258,754976,757263,760883,765987,770798,777402,784283,790978,796039,803154,808919,815960,822940,830512,838525,846888,852353,858852,863980
Bath and North East Somerset,E06000022,163135,163023,162221,162980,163511,163586,164738,165962,167061,168490,169158,169819,170361,170585,171274,171204,172635,173565,173360,174267,175538,177196,179460,181241,184287,186946,188678,192106,193282
"Bristol, City of",E06000023,392174,390607,390565,390996,391326,389196,389163,389398,390985,390446,390049,389735,391454,395743,405407,408428,411901,414822,418990,423044,428074,433043,438386,443791,450640,455966,459252,463405,463377
Cornwall,E06000052,469540,471059,472707,475425,478400,479017,483206,486089,490563,495373,499937,504644,508579,511810,515098,517984,521957,524973,526365,529794,533760,538249,541734,545961,550283,555057,561349,565968,569578
Isles of Scilly,E06000053,2009,1983,2029,1977,1920,1863,1908,1942,2025,2100,2140,2170,2155,2210,2210,2264,2293,2333,2251,2228,2224,2279,2265,2292,2335,2331,2259,2242,2224
North Somerset,E06000024,179213,179619,181056,181338,182027,183247,183813,185937,186745,187745,188840,189718,191323,192776,194745,197028,199498,200853,201711,202967,203091,204454,206182,208185,209941,211747,212834,213919,215052
Plymouth,E06000026,251244,253296,253766,249525,250299,247777,246041,242895,241977,241721,240954,242550,243390,244037,247516,249178,251237,252488,253116,254227,256589,257744,258592,260512,261386,262355,263070,263100,262100
"Bournemouth, Christchurch and Poole",E06000058,332691,334554,336206,337738,339604,339916,343004,344485,344425,345785,346829,348717,348483,348506,351616,353901,359462,363158,366948,373760,379441,382788,385178,388358,390889,394009,395638,395784,395331
South Gloucestershire,E06000025,222150,225629,228666,230850,231341,233020,236306,238357,241635,244790,245985,247755,249176,251226,253178,255258,256640,257970,259730,261471,263417,266193,268951,270994,273952,276677,279027,282644,285093
Swindon,E06000030,171504,172079,172152,171772,171949,172692,175179,177804,179329,179613,180129,182110,184368,186390,189684,192345,196942,201521,204371,206939,209709,211918,214028,215991,217584,218580,220363,221996,222193
Torbay,E06000027,121953,121518,121510,123673,124927,124737,124524,124926,126311,128475,129965,130521,131238,131937,132178,131857,132172,132070,131641,131443,131193,131480,132201,133264,133791,134406,135247,135780,136264
Wiltshire,E06000054,398650,403871,407284,410702,414251,415836,418840,422136,425242,428251,433508,438386,442633,445632,448670,453041,458840,464007,466711,470199,474319,476914,479911,484560,488487,492240,496043,498064,500024
Devon,E10000008,658526,662617,665394,670558,673075,675534,681358,687448,692295,700886,705568,709940,714055,718827,725620,729592,736326,739921,740988,743908,747709,753102,757930,764702,772406,778831,787171,795286,802375
Dorset,E06000059,323800,325535,326896,330274,333664,336132,338202,340020,340914,344877,346596,350487,353367,355305,357679,359806,363069,364085,363567,364317,365897,366966,368555,369485,371636,373288,375051,376484,378508
Gloucestershire,E10000013,535982,538409,541314,543701,547073,550748,557285,555718,561021,564582,564999,566445,569281,572641,576908,580702,585415,587610,590480,594097,598289,602216,605959,611739,617527,623094,628139,633558,637070
Somerset,E10000027,465677,470122,471868,475569,478489,479789,483752,486347,490430,493940,498707,503132,506790,510659,514338,517252,522150,525668,526592,528609,531581,535197,538370,542203,546466,551446,555195,559399,562225
Isle of Anglesey,W06000001,69123,69379,69772,69187,68426,68592,68109,67692,67978,67898,67806,67879,68140,68753,69095,69388,69700,69916,69884,69833,69913,70037,70073,70141,69936,69665,69794,69961,70043
Gwynedd,W06000002,115007,115426,115717,116330,117526,117486,117606,117384,116362,116699,116844,117344,118022,118721,118641,119070,119398,119746,120344,121155,121523,122007,121653,121897,122635,123323,123742,124178,124560
Conwy,W06000003,107951,107782,108142,108891,108940,107897,108174,108470,108322,108651,109674,110624,111248,112272,112374,113004,113778,114371,114623,114682,115326,115553,115912,116420,116450,116820,116863,117181,117203
Denbighshire,W06000004,89395,89119,89375,89572,89911,90623,90616,90951,91509,92525,93070,93478,93872,94010,93978,93983,94530,94739,94444,94152,93919,94053,94518,94837,94836,94984,95159,95330,95696
Flintshire,W06000005,142036,143493,144049,144539,144844,144106,144643,146261,146824,147930,148629,148947,149176,149681,149890,150125,150816,151501,151985,152080,152666,152776,153223,153819,154085,154626,155155,155593,156100
Wrexham,W06000006,124180,124627,124949,125298,125431,125527,125637,126178,126907,127653,128540,128595,128914,129005,129249,130311,131263,132371,133295,134009,135070,135498,135801,135953,135418,135408,135571,136126,135957
Powys,W06000023,119703,120368,121072,121400,121843,123954,124604,125438,125632,126134,126398,127145,128295,129568,130210,131037,131982,132865,133090,132878,133071,133015,132786,132777,132730,132337,132515,132447,132435
Ceredigion,W06000008,65933,67536,68854,69937,70818,70609,71807,72518,74046,74942,75417,75500,75581,75775,75485,75342,75326,74971,74642,75217,75293,75932,75789,75133,74211,73665,73076,72992,72695
Pembrokeshire,W06000009,112446,113146,112885,113086,112249,112141,111640,111814,111667,112538,113058,114146,115147,116428,117204,118278,119640,121134,121563,121974,122613,123135,123375,123826,123671,124237,124711,125055,125818
Carmarthenshire,W06000010,169725,169265,169255,169962,171060,171145,171534,172039,172329,172874,173652,174628,176133,177487,178229,179504,181314,182517,182846,183004,183961,184332,184669,184968,185247,185754,186452,187568,188771
Swansea,W06000011,229743,229610,229349,228239,227765,227199,226764,225702,225080,224475,223463,224755,226350,228176,229347,230793,232460,234139,235601,237311,238691,239460,240108,240966,242316,244462,245480,246466,246993
Neath Port Talbot,W06000012,138844,138496,138219,138597,137751,137327,136679,136085,135356,134834,134380,134931,136233,137144,137670,138323,138957,139481,139537,139638,139880,140081,139867,140453,140946,141678,142090,142906,143315
Bridgend,W06000013,129477,129796,130129,130063,129466,128667,127996,128652,128585,128224,128735,129741,131032,131947,132893,134164,135949,137175,137783,138471,139410,139769,140536,141287,142259,143408,144288,144876,147049
Vale of Glamorgan,W06000014,118053,117605,117050,116850,116347,116327,116950,118297,117944,119276,119277,120279,120980,122101,122877,123642,124732,125713,126162,126435,126679,126998,127436,128009,127980,128891,130690,132165,133587
Cardiff,W06000015,296941,297429,299185,299085,300764,305345,307321,308601,310320,311443,310088,312021,313246,317099,321001,323766,328196,332790,337656,341402,345442,348724,352146,354829,357496,361168,362756,364248,366903
Rhondda Cynon Taff,W06000016,234917,235202,235468,235147,235553,235369,236043,234474,233904,232370,231910,231795,232361,233971,234070,234493,234471,234724,234743,234459,234373,235612,236166,236871,237378,238179,239127,240131,241264
Merthyr Tydfil,W06000024,59594,59764,59517,59346,58658,58132,57371,57148,56516,56218,56207,55996,55955,56020,56259,56627,57173,57688,58156,58493,58851,58907,59008,59056,59247,59714,59953,60183,60326
Caerphilly,W06000018,170615,170129,170243,169559,168186,167385,167532,167921,168566,169045,169546,170776,171363,172361,172777,173741,174987,176259,177159,178101,178782,179014,179230,179933,180168,180453,180795,181019,181075
Blaenau Gwent,W06000019,72666,72592,72521,72770,72569,72289,72031,71292,71028,70537,70000,69452,69228,69242,69188,69610,69685,69820,69850,69798,69812,69806,69764,69653,69547,69630,69609,69713,69862
Torfaen,W06000020,90961,91188,90899,90928,90955,91268,91364,91355,91129,91214,90912,90700,90719,90516,90644,90820,90974,91094,91199,91060,91190,91346,91362,91549,91767,91994,92264,93049,93961
Monmouthshire,W06000021,80209,80207,81637,83200,84315,85209,85209,83921,83980,84458,84984,85417,86605,87829,88611,89090,89592,90109,90557,91016,91508,91737,92249,92540,92805,93276,93590,94142,94590
Newport,W06000022,135479,135515,135271,135461,135140,134707,135241,137328,136615,136932,137642,138727,139121,139316,139617,140557,141376,142744,143753,144803,145785,146275,146741,147119,147958,149478,151485,153302,154676
Aberdeen City,S12000033,214120,216140,218250,219500,219880,218350,217300,215650,214630,213340,211910,210680,209280,207820,208690,209630,212470,214020,217020,219730,222460,224910,227070,228920,230350,229840,228800,227560,228670
Aberdeenshire,S12000034,215870,219970,223100,225560,226070,226990,226020,226220,227240,227020,226940,228830,231250,234690,237570,241180,244390,246830,249020,251430,253650,255560,257770,260530,261960,262190,261800,261470,261210
Angus,S12000041,108400,109900,110910,111550,111560,110570,110000,109790,109560,108850,108370,108810,108700,110170,111340,112500,113540,114490,114830,115410,116200,116220,116290,116740,116900,116520,116280,116040,116200
Argyll and Bute,S12000035,93520,91680,91170,91910,91950,91740,91720,91670,91640,91050,91300,91020,90930,90580,90340,90860,90790,89910,89450,88620,88930,86910,88050,87650,86890,87130,86810,86260,85870
Clackmannanshire,S12000005,48100,48170,48390,48590,48570,48560,48560,48410,48240,48170,48070,48140,48140,48680,49160,49540,50600,51190,51290,51330,51500,51280,51280,51190,51360,51350,51450,51400,51540
Dumfries and Galloway,S12000006,147170,147650,147940,148130,148520,148520,148520,148740,148230,147540,147780,147670,147860,148700,149620,149770,150370,151010,151160,151100,151410,150840,150280,149960,149670,149520,149200,148790,148860
Dundee City,S12000042,155550,154960,154000,152200,152460,152200,151350,149680,147970,146610,145460,144370,144080,143100,143600,143360,143700,144290,145170,146060,147200,147780,148100,148130,148210,148270,148710,148750,149320
East Ayrshire,S12000008,124020,123810,123540,123250,122790,122000,121440,121000,120550,120120,120310,119920,119850,120210,120280,120440,120950,121600,122110,122410,122690,122730,122430,122130,122060,122200,121940,121840,122010
East Dunbartonshire,S12000045,110170,109680,109270,109540,109850,109300,109280,109040,108670,108620,108250,107350,107000,106540,106040,105590,105050,104940,104960,104920,105000,105880,105840,106710,106960,107540,108130,108330,108640
East Lothian,S12000010,84440,84510,84880,85900,86600,86990,87730,88360,89110,89910,90180,91060,91640,92170,92730,93850,95570,97480,98340,99140,99920,100860,101390,102090,103050,104090,104840,105790,107090
East Renfrewshire,S12000011,85770,86050,86490,86660,87530,87410,87890,88310,88520,89040,89410,89930,89870,89790,89880,89750,89840,89870,89980,90410,90810,91040,91530,92410,92940,93810,94760,95170,95530
City of Edinburgh,S12000036,436320,436670,438300,440120,443860,444910,445720,446240,447190,448430,449020,447500,445300,445870,449470,452040,456040,458520,463230,469930,477940,482630,487460,492610,498810,507170,513210,518500,524930
Na h-Eileanan Siar,S12000013,29330,29240,29260,29120,28810,28600,27910,27540,27210,26790,26450,26350,26430,26650,26930,27060,27210,27280,27420,27600,27690,27560,27400,27250,27070,26900,26950,26830,26720
Falkirk,S12000014,142500,142400,142240,142280,142680,143040,143340,143880,144570,144650,145270,145920,146800,148300,150130,151090,152320,153290,154210,155130,156250,156800,157160,157690,158460,159380,160130,160340,160890
Fife,S12000047,347360,347910,349260,350190,349720,347430,346540,346540,347030,348340,349770,350740,351360,353050,355460,357260,358740,360040,361420,362610,365300,366210,366900,367250,368080,370330,371410,371910,373550
Glasgow City,S12000049,629220,622210,616680,612260,604080,598840,590660,587050,582950,577020,578710,576450,572270,569560,569250,568460,571760,576200,581620,586500,593060,595070,596520,599640,606340,615070,621020,626410,633120
Highland,S12000017,203790,205670,206740,207380,208220,208650,208560,208850,209200,209130,208920,209760,211640,214560,218060,220780,224000,226970,228750,230730,232730,232890,232930,233080,234110,234770,235180,235540,235830
Inverclyde,S12000018,91390,90850,89890,89320,88640,87060,86460,85840,85300,84660,84150,83730,83300,82690,82680,82320,82110,82000,81670,81510,81220,80690,80340,79890,79500,79160,78760,78150,77800
Midlothian,S12000019,79530,79050,79030,79060,78860,78960,79550,80120,80630,81110,80950,80880,80280,80230,80050,79990,80370,81550,81900,82360,83450,84240,84710,86220,87390,88610,90090,91340,92460
Moray,S12000020,83990,85380,86520,87850,87870,87430,87160,86800,86800,86720,87000,87690,88830,89380,90100,90780,91440,92840,93160,93690,93470,92930,94360,94770,95510,96070,95780,95520,95820
North Ayrshire,S12000021,138060,137700,137660,137550,137800,137610,137690,137470,137160,136360,135820,135890,136310,136500,136690,136790,137420,137910,137830,137800,138090,137570,136940,136480,136130,135890,135790,135280,134740
North Lanarkshire,S12000050,326900,325840,324200,323830,323450,322300,322510,322180,322160,321390,321180,322520,323700,325400,327140,328740,331160,333280,335160,336280,337720,337890,337780,338000,338260,339390,339960,340180,341370
Orkney Islands,S12000023,19520,19670,19710,19750,19810,19730,19770,19590,19420,19290,19220,19330,19540,19830,20070,20340,20580,20740,20940,21220,21420,21530,21560,21580,21670,21850,22000,22190,22270
Perth and Kinross,S12000048,127370,129300,130570,132230,133220,133130,133980,134580,135200,134970,134950,135130,135960,136900,138060,139380,141140,143130,144370,145600,146850,147740,147770,148930,149930,150680,151100,151290,151950
Renfrewshire,S12000038,175690,175280,175320,175460,176430,176390,175800,175320,174390,173680,172850,172300,171560,171470,171430,171270,171870,172640,173020,173700,174700,174300,173890,174230,174560,175930,176830,177790,179100
Scottish Borders,S12000026,103830,104540,105040,105450,105940,105860,105960,106040,105810,106250,106950,107530,108390,109450,110250,110860,112200,113360,113590,113700,113880,113720,113880,114040,114030,114530,115020,115270,115510
Shetland Islands,S12000027,22530,22600,22760,22790,22970,22860,22830,22700,22510,22180,21960,22000,21950,22090,22250,22210,22350,22480,22800,23060,23240,23210,23200,23220,23200,23200,23080,22990,22920
South Ayrshire,S12000028,113120,113100,113280,113550,113620,113540,113620,113320,112850,112290,112160,111690,111550,111840,112030,112100,112380,112610,112490,112600,112980,112920,112870,112530,112400,112470,112680,112550,112610
South Lanarkshire,S12000029,302530,303220,303950,305220,304930,304760,304440,303330,302580,302270,302340,302770,303480,305660,306850,308450,310370,311310,312180,313180,313900,314330,314810,315300,316230,317100,318170,319020,320530
Stirling,S12000030,80930,81050,81430,81980,82420,83060,84050,84680,85450,86160,86200,86630,87090,86920,87510,88090,88430,88540,88690,89550,90330,91010,91230,91520,92830,93750,94000,94330,94210
West Dunbartonshire,S12000039,97250,96920,97000,96780,95870,95320,95200,94930,94420,93930,93320,93040,92470,91960,91530,91410,91370,91190,91080,90800,90610,90340,89800,89710,89590,89860,89610,89130,88930
West Lothian,S12000040,145040,144500,145680,147250,148710,150080,151780,153200,154760,157050,159030,160370,161690,163540,165010,167110,169470,171390,173040,174090,175300,176010,176160,177200,178550,180130,181310,182140,183100
Antrim and Newtownabbey,N09000001,-,-,-,-,-,-,-,-,-,-,128760,129502,130356,131067,132350,133216,134756,136122,137422,138044,138651,139157,139536,139966,140467,141032,141697,142492,143504
"Armagh City, Banbridge and Craigavon",N09000002,-,-,-,-,-,-,-,-,-,-,176014,177357,178954,180828,183933,187196,190505,193603,196203,198202,200298,202398,203757,205711,207797,210260,211898,214090,216205
Belfast,N09000003,-,-,-,-,-,-,-,-,-,-,328695,328471,327176,326268,325483,325985,327383,330052,331763,333489,333895,333962,335133,336830,338907,339579,340220,341877,343542
Causeway Coast and Glens,N09000004,-,-,-,-,-,-,-,-,-,-,131374,132827,134152,135209,136340,137438,138375,139004,139616,140107,140907,141434,141699,142303,143148,143525,143920,144246,144838
Derry City and Strabane,N09000005,-,-,-,-,-,-,-,-,-,-,143810,144280,144629,145041,145447,145855,146742,147496,148053,148148,148191,148619,148632,149198,149473,150142,150497,150679,151284
Fermanagh and Omagh,N09000006,-,-,-,-,-,-,-,-,-,-,105751,106663,107332,107923,108586,109344,110345,111494,111998,112919,113501,114230,114365,114992,115311,115799,116289,116835,117397
Lisburn and Castlereagh,N09000007,-,-,-,-,-,-,-,-,-,-,124585,124757,125001,125764,127043,128185,129179,130584,132386,133909,135280,136311,136808,138627,140205,141181,142640,144381,146002
Mid and East Antrim,N09000008,-,-,-,-,-,-,-,-,-,-,127452,128281,129181,129925,130980,132021,133270,134169,134774,135157,135365,135838,135997,136642,137145,137821,138152,138773,139274
Mid Ulster,N09000009,-,-,-,-,-,-,-,-,-,-,119112,120214,121324,122645,124885,127662,131088,133595,135408,137221,139011,140357,141329,142895,144002,145389,146427,147392,148528
"Newry, Mourne and Down",N09000010,-,-,-,-,-,-,-,-,-,-,153726,154984,156395,158460,160453,162723,165634,168019,169652,171119,172276,173691,174829,175403,176369,177816,178996,180012,181368
Ards and North Down,N09000011,-,-,-,-,-,-,-,-,-,-,149559,150198,150424,150912,152233,153488,154406,155014,156058,156518,156943,157637,157640,157931,158797,159593,160098,160864,161725
